dificultad_prefijo,intentos,tiempo_segundos,hash_obtenido
0,15,0.000272,0e6a455cfd0a139ff672aa656293c8a69e39c21735d7db79db395283aecfe1c2
00,155,0.001299,00a78c9b04ad83cb94e94ddd9e086f9cf28bd9480ba570db627ba7461c4bd3a6
000,2995,0.022559,000482e9ca3b2eeeef6abf06139534b794b8f2f2115bfae62f9303cb4a2144af
