dificultad_prefijo,intentos,tiempo_segundos,hash_obtenido
0,10,4.1e-05,06cd1873a8a891309ed25d147c11386c83428974b501d158b81e326385de091f
00,540,0.002063,003b47d074aa5c32c5d5d697e5f8734561b027fdd67a7b303f00f25dd0f9ed3a
000,1835,0.006642,0005b54d9f1cbc2d85c909fc66a8d4477f0d7f183895f1992bd8d1ca68993ced
